motif_ID	motif_ALT_ID	seq_ID	site_Start	site_End	site_Strand	site_Score	site_Sequence
1-RCCACACCCWD	STREME-1	chr7	103854076	103854086	-	16.06	GCCACGCCCAT
1-RCCACACCCWD	STREME-1	chr2	157978582	157978592	+	15.66	GCCACGCCCAA
1-RCCACACCCWD	STREME-1	chr11	60989090	60989100	-	15.66	GCCACGCCCAA
1-RCCACACCCWD	STREME-1	chr10	57527817	57527827	+	15.56	GCCACACCCAT
1-RCCACACCCWD	STREME-1	chr1	137838387	137838397	-	15.56	GCCACACCCAT
1-RCCACACCCWD	STREME-1	chr18	61379998	61380008	+	15.56	GCCACACCCAT
1-RCCACACCCWD	STREME-1	chr5	89056757	89056767	+	15.56	GCCACACCCAT
1-RCCACACCCWD	STREME-1	chr3	51492682	51492692	-	15.56	GCCACACCCAT
1-RCCACACCCWD	STREME-1	chr6	146179182	146179192	-	15.56	GCCACACCCAT
1-RCCACACCCWD	STREME-1	chr10	41632327	41632337	+	15.29	GCCACGCCCAG
1-RCCACACCCWD	STREME-1	chr18	13094709	13094719	+	15.20	ACCACGCCCAA
1-RCCACACCCWD	STREME-1	chr4	153535366	153535376	-	15.20	ACCACGCCCAA
1-RCCACACCCWD	STREME-1	chr9	7790691	7790701	-	15.16	GCCACACCCAA
1-RCCACACCCWD	STREME-1	chr14	41760839	41760849	+	15.16	GCCACACCCAA
1-RCCACACCCWD	STREME-1	chr9	21940257	21940267	+	15.16	GCCACACCCAA
1-RCCACACCCWD	STREME-1	chr2	156710515	156710525	+	15.16	GCCACACCCAA
1-RCCACACCCWD	STREME-1	chr7	19832441	19832451	+	15.16	GCCACACCCAA
1-RCCACACCCWD	STREME-1	chr5	65256070	65256080	+	15.16	GCCACACCCAA
1-RCCACACCCWD	STREME-1	chr2	103962282	103962292	-	15.09	ACCACACCCAT
1-RCCACACCCWD	STREME-1	chr15	85935875	85935885	-	15.09	ACCACACCCAT
1-RCCACACCCWD	STREME-1	chr13	25281869	25281879	+	15.09	ACCACACCCAT
1-RCCACACCCWD	STREME-1	chr17	45884962	45884972	+	15.09	ACCACACCCAT
1-RCCACACCCWD	STREME-1	chrX	68727659	68727669	+	15.03	ACCACGCCCTA
1-RCCACACCCWD	STREME-1	chr7	128851082	128851092	-	15.03	ACCACGCCCTA
1-RCCACACCCWD	STREME-1	chr11	30901683	30901693	-	15.03	ACCACGCCCTA
1-RCCACACCCWD	STREME-1	chr5	89197427	89197437	-	15.03	ACCACGCCCTA
1-RCCACACCCWD	STREME-1	chr12	3795669	3795679	+	14.99	GCCACACCCTA
1-RCCACACCCWD	STREME-1	chr5	27985336	27985346	+	14.99	GCCACACCCTA
1-RCCACACCCWD	STREME-1	chr1	133344118	133344128	-	14.99	GCCACACCCTA
1-RCCACACCCWD	STREME-1	chr10	107550550	107550560	-	14.94	GCCACGCCCTG
1-RCCACACCCWD	STREME-1	chr8	74937975	74937985	+	14.94	GCCACGCCCTG
1-RCCACACCCWD	STREME-1	chr2	28463170	28463180	-	14.86	GCCCCGCCCAT
1-RCCACACCCWD	STREME-1	chr17	33229369	33229379	-	14.86	GCCCCGCCCAT
1-RCCACACCCWD	STREME-1	chr19	45865284	45865294	+	14.82	ACCACGCCCAG
1-RCCACACCCWD	STREME-1	chr11	117642325	117642335	-	14.82	ACCACGCCCAG
1-RCCACACCCWD	STREME-1	chr5	139673066	139673076	+	14.78	GCCACACCCAG
1-RCCACACCCWD	STREME-1	chr17	84179755	84179765	-	14.78	GCCACACCCAG
1-RCCACACCCWD	STREME-1	chr5	45951831	45951841	+	14.78	GCCACACCCAG
1-RCCACACCCWD	STREME-1	chr2	25742974	25742984	-	14.78	GCCACACCCAG
1-RCCACACCCWD	STREME-1	chr5	64826925	64826935	+	14.78	GCCACACCCAG
1-RCCACACCCWD	STREME-1	chr4	135730900	135730910	-	14.78	GCCACACCCAG
1-RCCACACCCWD	STREME-1	chr17	28960473	28960483	-	14.78	GCCACACCCAG
1-RCCACACCCWD	STREME-1	chr8	71137370	71137380	-	14.78	GCCACACCCAG
1-RCCACACCCWD	STREME-1	chr7	139969907	139969917	+	14.78	GCCACACCCAG
1-RCCACACCCWD	STREME-1	chr5	139858339	139858349	+	14.78	GCCACACCCAG
1-RCCACACCCWD	STREME-1	chr17	43466741	43466751	+	14.78	GCCACACCCAG
1-RCCACACCCWD	STREME-1	chr17	85277862	85277872	+	14.78	GCCACACCCAG
1-RCCACACCCWD	STREME-1	chr10	110604601	110604611	-	14.78	GCCACACCCAG
1-RCCACACCCWD	STREME-1	chr7	151918033	151918043	-	14.78	GCCACACCCAG
1-RCCACACCCWD	STREME-1	chr3	108248229	108248239	-	14.73	ACCACGCCCTT
1-RCCACACCCWD	STREME-1	chr13	81067752	81067762	-	14.73	ACCACGCCCTT
1-RCCACACCCWD	STREME-1	chr13	3866534	3866544	+	14.70	GCCACACCCTT
1-RCCACACCCWD	STREME-1	chr7	28233951	28233961	+	14.70	GCCACACCCTT
1-RCCACACCCWD	STREME-1	chr6	38866762	38866772	-	14.70	GCCACACCCTT
1-RCCACACCCWD	STREME-1	chr13	110473378	110473388	-	14.70	GCCACACCCTT
1-RCCACACCCWD	STREME-1	chr15	76084150	76084160	+	14.70	GCCACACCCTT
1-RCCACACCCWD	STREME-1	chr6	34857512	34857522	+	14.69	ACCACACCCAA
1-RCCACACCCWD	STREME-1	chr13	112863918	112863928	+	14.69	ACCACACCCAA
1-RCCACACCCWD	STREME-1	chr9	107206937	107206947	-	14.69	ACCACACCCAA
1-RCCACACCCWD	STREME-1	chr9	113850653	113850663	-	14.69	ACCACACCCAA
1-RCCACACCCWD	STREME-1	chr6	72324974	72324984	-	14.53	ACCACACCCTA
1-RCCACACCCWD	STREME-1	chr14	63796875	63796885	+	14.53	ACCACACCCTA
1-RCCACACCCWD	STREME-1	chr2	77015790	77015800	-	14.53	ACCACACCCTA
1-RCCACACCCWD	STREME-1	chr8	97964231	97964241	+	14.53	ACCACACCCTA
1-RCCACACCCWD	STREME-1	chr1	173211165	173211175	+	14.48	GCCACGCCCAC
1-RCCACACCCWD	STREME-1	chr13	74873416	74873426	-	14.47	ACCACGCCCTG
1-RCCACACCCWD	STREME-1	chr11	115374705	115374715	+	14.46	GCCCCGCCCAA
1-RCCACACCCWD	STREME-1	chr15	58828693	58828703	+	14.44	GCCACACCCTG
1-RCCACACCCWD	STREME-1	chr5	33616466	33616476	+	14.44	GCCACACCCTG
1-RCCACACCCWD	STREME-1	chr16	91353174	91353184	+	14.44	GCCACACCCTG
1-RCCACACCCWD	STREME-1	chr1	169314425	169314435	+	14.44	GCCACACCCTG
1-RCCACACCCWD	STREME-1	chr11	90548101	90548111	+	14.44	GCCACACCCTG
1-RCCACACCCWD	STREME-1	chr13	112833962	112833972	-	14.44	GCCACACCCTG
1-RCCACACCCWD	STREME-1	chr6	86027995	86028005	-	14.44	GCCACACCCTG
1-RCCACACCCWD	STREME-1	chr5	65256124	65256134	+	14.44	GCCACACCCTG
1-RCCACACCCWD	STREME-1	chr14	79703096	79703106	+	14.44	GCCACACCCTG
1-RCCACACCCWD	STREME-1	chr15	81700600	81700610	+	14.32	ACCACACCCAG
1-RCCACACCCWD	STREME-1	chr4	43977339	43977349	-	14.32	ACCACACCCAG
1-RCCACACCCWD	STREME-1	chr17	12230202	12230212	-	14.32	ACCACACCCAG
1-RCCACACCCWD	STREME-1	chr9	120025569	120025579	-	14.32	ACCACACCCAG
1-RCCACACCCWD	STREME-1	chr13	3862319	3862329	-	14.32	ACCACACCCAG
1-RCCACACCCWD	STREME-1	chr4	122964189	122964199	-	14.32	ACCACACCCAG
1-RCCACACCCWD	STREME-1	chr18	23868739	23868749	-	14.23	ACCACACCCTT
1-RCCACACCCWD	STREME-1	chr3	145253752	145253762	+	14.23	ACCACACCCTT
1-RCCACACCCWD	STREME-1	chr10	111262053	111262063	-	14.23	ACCACACCCTT
1-RCCACACCCWD	STREME-1	chr11	96817605	96817615	-	14.23	ACCACACCCTT
1-RCCACACCCWD	STREME-1	chr17	26079812	26079822	+	14.23	ACCACACCCTT
1-RCCACACCCWD	STREME-1	chr16	44265853	44265863	-	14.08	GCCCCGCCCAG
1-RCCACACCCWD	STREME-1	chr12	78031384	78031394	+	14.01	ACCACGCCCAC
1-RCCACACCCWD	STREME-1	chr2	93306684	93306694	-	13.99	GCCCCGCCCTT
1-RCCACACCCWD	STREME-1	chr6	8295661	8295671	-	13.98	GCCACACCCAC
1-RCCACACCCWD	STREME-1	chr11	90524554	90524564	-	13.98	GCCACACCCAC
1-RCCACACCCWD	STREME-1	chr9	112905392	112905402	-	13.98	GCCACACCCAC
1-RCCACACCCWD	STREME-1	chr19	53260145	53260155	-	13.98	GCCACACCCAC
1-RCCACACCCWD	STREME-1	chr7	25994215	25994225	+	13.97	ACCACACCCTG
1-RCCACACCCWD	STREME-1	chr5	138127435	138127445	-	13.97	ACCACACCCTG
1-RCCACACCCWD	STREME-1	chr17	25039857	25039867	-	13.97	ACCACACCCTG
1-RCCACACCCWD	STREME-1	chr5	65256088	65256098	+	13.97	ACCACACCCTG
1-RCCACACCCWD	STREME-1	chr11	107308924	107308934	+	13.97	ACCACACCCTG
1-RCCACACCCWD	STREME-1	chr9	44096746	44096756	+	13.80	GCCCCACCCAA
1-RCCACACCCWD	STREME-1	chr5	123643622	123643632	-	13.80	GCCCCACCCAA
1-RCCACACCCWD	STREME-1	chr11	115374158	115374168	+	13.74	GCCCCGCCCTG
1-RCCACACCCWD	STREME-1	chr15	95715856	95715866	-	13.74	GCCCCGCCCTG
1-RCCACACCCWD	STREME-1	chr7	139915677	139915687	-	13.74	GCCCCGCCCTG
1-RCCACACCCWD	STREME-1	chr6	142839022	142839032	-	13.65	ACCACGCCCTC
1-RCCACACCCWD	STREME-1	chr2	24832581	24832591	-	13.65	ACCACGCCCTC
1-RCCACACCCWD	STREME-1	chr1	135693979	135693989	+	13.63	GCCCCACCCTA
1-RCCACACCCWD	STREME-1	chr1	136638693	136638703	+	13.62	GCCACACCCTC
1-RCCACACCCWD	STREME-1	chr17	5112306	5112316	-	13.62	GCCACACCCTC
1-RCCACACCCWD	STREME-1	chr15	76084168	76084178	+	13.62	GCCACACCCTC
1-RCCACACCCWD	STREME-1	chr8	108344972	108344982	+	13.62	GCCACACCCTC
1-RCCACACCCWD	STREME-1	chr4	128533157	128533167	+	13.62	GCCACACCCTC
1-RCCACACCCWD	STREME-1	chr4	128725148	128725158	+	13.62	GCCACACCCTC
1-RCCACACCCWD	STREME-1	chr16	32509252	32509262	+	13.62	ACCCCGCCCAG
1-RCCACACCCWD	STREME-1	chr4	9588339	9588349	+	13.53	ACCCCGCCCTT
1-RCCACACCCWD	STREME-1	chr2	28463183	28463193	+	13.51	ACCACACCCAC
1-RCCACACCCWD	STREME-1	chr11	115368119	115368129	+	13.51	ACCACACCCAC
1-RCCACACCCWD	STREME-1	chr5	30290221	30290231	+	13.51	ACCACACCCAC
1-RCCACACCCWD	STREME-1	chr11	69186904	69186914	-	13.51	ACCACACCCAC
1-RCCACACCCWD	STREME-1	chr4	118241508	118241518	-	13.51	ACCACACCCAC
1-RCCACACCCWD	STREME-1	chr13	113538173	113538183	+	13.42	GCCCCACCCAG
1-RCCACACCCWD	STREME-1	chr1	155596816	155596826	-	13.42	GCCCCACCCAG
1-RCCACACCCWD	STREME-1	chr8	74937924	74937934	+	13.42	GCCCCACCCAG
1-RCCACACCCWD	STREME-1	chr10	40726677	40726687	-	13.42	GCCCCACCCAG
1-RCCACACCCWD	STREME-1	chr1	134980066	134980076	+	13.42	GCCCCACCCAG
1-RCCACACCCWD	STREME-1	chr2	152650771	152650781	+	13.35	ACTACGCCCAA
1-RCCACACCCWD	STREME-1	chr8	109927495	109927505	-	13.33	GCCCCACCCTT
1-RCCACACCCWD	STREME-1	chr9	108243309	108243319	+	13.33	GCCCCACCCTT
1-RCCACACCCWD	STREME-1	chr11	101309701	101309711	-	13.33	GCCCCACCCTT
1-RCCACACCCWD	STREME-1	chr13	56459516	56459526	-	13.23	GCTACGCCCTT
1-RCCACACCCWD	STREME-1	chr4	129141211	129141221	+	13.16	ACCCCACCCTA
1-RCCACACCCWD	STREME-1	chr4	111174234	111174244	+	13.16	ACCCCACCCTA
1-RCCACACCCWD	STREME-1	chr15	83139306	83139316	+	13.15	ACCACACCCTC
1-RCCACACCCWD	STREME-1	chr15	91082660	91082670	+	13.15	ACCACACCCTC
1-RCCACACCCWD	STREME-1	chr10	60612405	60612415	-	13.15	ACCACACCCTC
1-RCCACACCCWD	STREME-1	chr19	55941814	55941824	+	13.15	ACCACACCCTC
1-RCCACACCCWD	STREME-1	chr16	49777287	49777297	+	13.15	ACCACACCCTC
1-RCCACACCCWD	STREME-1	chr19	10736660	10736670	-	13.15	ACCACACCCTC
1-RCCACACCCWD	STREME-1	chr15	82060393	82060403	+	13.07	GCCCCACCCTG
1-RCCACACCCWD	STREME-1	chr8	107824085	107824095	-	13.07	GCCCCACCCTG
1-RCCACACCCWD	STREME-1	chr1	169323156	169323166	+	13.07	GCCCCACCCTG
1-RCCACACCCWD	STREME-1	chr8	87362618	87362628	+	13.07	GCCCCACCCTG
1-RCCACACCCWD	STREME-1	chr12	27136224	27136234	+	13.07	GCCCCACCCTG
1-RCCACACCCWD	STREME-1	chr8	87495026	87495036	-	12.95	ACCCCACCCAG
1-RCCACACCCWD	STREME-1	chr19	6300559	6300569	-	12.95	ACCCCACCCAG
1-RCCACACCCWD	STREME-1	chr12	102194503	102194513	+	12.95	ACCCCACCCAG
1-RCCACACCCWD	STREME-1	chr7	128112897	128112907	-	12.95	ACCCCACCCAG
1-RCCACACCCWD	STREME-1	chr7	111007747	111007757	-	12.95	ACCCCACCCAG
1-RCCACACCCWD	STREME-1	chr11	69793534	69793544	+	12.88	ACTACGCCCTT
1-RCCACACCCWD	STREME-1	chr2	164599624	164599634	-	12.88	ACTACGCCCTT
1-RCCACACCCWD	STREME-1	chr15	98886947	98886957	+	12.86	ACCCCACCCTT
1-RCCACACCCWD	STREME-1	chr11	69760028	69760038	+	12.81	ACCCCGCCCAC
1-RCCACACCCWD	STREME-1	chr5	64826913	64826923	+	12.61	GCCCCACCCAC
1-RCCACACCCWD	STREME-1	chr12	70394979	70394989	+	12.61	GCCCCACCCAC
1-RCCACACCCWD	STREME-1	chr11	86427702	86427712	+	12.61	GCCCCACCCAC
1-RCCACACCCWD	STREME-1	chr11	61433812	61433822	+	12.61	ACCCCACCCTG
1-RCCACACCCWD	STREME-1	chr17	29067392	29067402	+	12.59	GACACACCCAT
1-RCCACACCCWD	STREME-1	chr1	9738449	9738459	+	12.48	ACCCCACCCCG
1-RCCACACCCWD	STREME-1	chr6	34428915	34428925	-	12.47	GCTACACCCTG
1-RCCACACCCWD	STREME-1	chr7	148354814	148354824	-	12.32	GTCACACCCAT
1-RCCACACCCWD	STREME-1	chr4	118293356	118293366	+	12.28	GGCACGCCCAA
1-RCCACACCCWD	STREME-1	chr12	80012833	80012843	+	12.25	GCCCCACCCTC
1-RCCACACCCWD	STREME-1	chr13	35887926	35887936	+	12.25	GCCCCACCCTC
1-RCCACACCCWD	STREME-1	chr18	85054534	85054544	-	12.25	GCCCCACCCTC
1-RCCACACCCWD	STREME-1	chr5	129723568	129723578	-	12.23	GACACGCCCTT
1-RCCACACCCWD	STREME-1	chr14	55043634	55043644	+	12.19	GACACACCCAA
1-RCCACACCCWD	STREME-1	chr16	76323967	76323977	+	12.19	GACACACCCAA
1-RCCACACCCWD	STREME-1	chr15	34829964	34829974	+	12.19	GACACACCCAA
1-RCCACACCCWD	STREME-1	chr3	60623724	60623734	-	12.18	GGCACACCCAT
1-RCCACACCCWD	STREME-1	chr5	89197454	89197464	+	12.15	GCTACGCCCTC
1-RCCACACCCWD	STREME-1	chr5	77087504	77087514	-	12.14	ACCCCACCCAC
1-RCCACACCCWD	STREME-1	chr17	47735254	47735264	-	12.14	ACCCCACCCAC
1-RCCACACCCWD	STREME-1	chr1	82634150	82634160	+	12.02	GACACACCCTA
1-RCCACACCCWD	STREME-1	chr7	148957047	148957057	-	11.99	GCCGCACCCAA
1-RCCACACCCWD	STREME-1	chr13	57679400	57679410	+	11.96	GTCACGCCCTT
1-RCCACACCCWD	STREME-1	chr15	78243624	78243634	-	11.92	GTCACACCCAA
1-RCCACACCCWD	STREME-1	chr4	117504744	117504754	-	11.92	ACCGCACCCAT
1-RCCACACCCWD	STREME-1	chr7	148354847	148354857	+	11.88	AACACACCCAT
1-RCCACACCCWD	STREME-1	chr4	41334963	41334973	-	11.82	GGCACGCCCTT
1-RCCACACCCWD	STREME-1	chr8	24164665	24164675	+	11.82	GGCACGCCCTT
1-RCCACACCCWD	STREME-1	chr10	126642534	126642544	+	11.81	GACACACCCAG
1-RCCACACCCWD	STREME-1	chr9	70682665	70682675	+	11.81	GACACACCCAG
1-RCCACACCCWD	STREME-1	chr16	8687058	8687068	+	11.79	ACCCCACCCTC
1-RCCACACCCWD	STREME-1	chr4	44017220	44017230	-	11.78	GGCACACCCAA
1-RCCACACCCWD	STREME-1	chr13	114649374	114649384	-	11.78	GGCACACCCAA
1-RCCACACCCWD	STREME-1	chr6	34107303	34107313	+	11.78	GGCACACCCAA
1-RCCACACCCWD	STREME-1	chr2	72859220	72859230	-	11.78	GGCACACCCAA
1-RCCACACCCWD	STREME-1	chr19	44460558	44460568	-	11.78	GGCACACCCAA
1-RCCACACCCWD	STREME-1	chr1	183078961	183078971	+	11.78	GGCACACCCAA
1-RCCACACCCWD	STREME-1	chr19	55940460	55940470	-	11.76	GTCACACCCTA
1-RCCACACCCWD	STREME-1	chr9	75406819	75406829	-	11.72	GACACACCCTT
1-RCCACACCCWD	STREME-1	chr12	112506068	112506078	-	11.70	GTCACGCCCTG
1-RCCACACCCWD	STREME-1	chr14	55043608	55043618	+	11.61	GGCACACCCTA
1-RCCACACCCWD	STREME-1	chr4	44084953	44084963	+	11.59	GCCACACCCCT
1-RCCACACCCWD	STREME-1	chr3	84162815	84162825	-	11.59	GCCACACCCCT
1-RCCACACCCWD	STREME-1	chr2	167454542	167454552	+	11.59	GCCACACCCCT
1-RCCACACCCWD	STREME-1	chr11	117187614	117187624	-	11.59	GCCACACCCCT
1-RCCACACCCWD	STREME-1	chr9	24715264	24715274	+	11.56	GGCACGCCCTG
1-RCCACACCCWD	STREME-1	chr5	143682185	143682195	+	11.55	GTCACACCCAG
1-RCCACACCCWD	STREME-1	chr12	112797026	112797036	-	11.55	GTCACACCCAG
1-RCCACACCCWD	STREME-1	chr11	99087794	99087804	-	11.52	AACACGCCCTT
1-RCCACACCCWD	STREME-1	chr13	35769392	35769402	+	11.47	GACACACCCTG
1-RCCACACCCWD	STREME-1	chr4	132847350	132847360	-	11.46	GTCACACCCTT
1-RCCACACCCWD	STREME-1	chr4	135730866	135730876	-	11.46	GTCACACCCTT
1-RCCACACCCWD	STREME-1	chr9	108710128	108710138	-	11.37	ACCACGCCCCA
1-RCCACACCCWD	STREME-1	chr9	66764129	66764139	-	11.37	ACCACGCCCCA
1-RCCACACCCWD	STREME-1	chr12	114390919	114390929	-	11.31	GGCACACCCTT
1-RCCACACCCWD	STREME-1	chr6	57653530	57653540	+	11.31	GGCACACCCTT
1-RCCACACCCWD	STREME-1	chr2	31940984	31940994	-	11.31	GGCACACCCTT
1-RCCACACCCWD	STREME-1	chr11	101309692	101309702	+	11.24	GCTCCGCCCAA
1-RCCACACCCWD	STREME-1	chr1	77295339	77295349	+	11.20	GTCACACCCTG
1-RCCACACCCWD	STREME-1	chr14	56155122	56155132	+	11.20	GTCACACCCTG
1-RCCACACCCWD	STREME-1	chr5	118933603	118933613	+	11.20	GTCACACCCTG
1-RCCACACCCWD	STREME-1	chr8	97257919	97257929	+	11.20	GTCACACCCTG
1-RCCACACCCWD	STREME-1	chr9	31060146	31060156	-	11.13	ACCACACCCCT
1-RCCACACCCWD	STREME-1	chr4	62177836	62177846	+	11.13	ACCACACCCCT
1-RCCACACCCWD	STREME-1	chr19	6236308	6236318	-	11.13	ACCACACCCCT
1-RCCACACCCWD	STREME-1	chr6	135115864	135115874	+	11.12	GACCCACCCAA
1-RCCACACCCWD	STREME-1	chr16	34031828	34031838	-	11.05	ACCGCACCCTT
1-RCCACACCCWD	STREME-1	chr18	80417124	80417134	+	11.00	GACACACCCAC
1-RCCACACCCWD	STREME-1	chr7	20322234	20322244	-	11.00	GACACACCCAC
1-RCCACACCCWD	STREME-1	chr11	84637225	84637235	+	10.97	GCTCCACCCAT
1-RCCACACCCWD	STREME-1	chr5	129723525	129723535	-	10.89	GCCCCGCCCCT
1-RCCACACCCWD	STREME-1	chr6	57653559	57653569	+	10.88	GTCACGCCCTC
1-RCCACACCCWD	STREME-1	chr10	93585623	93585633	-	10.88	GATACGCCCAT
1-RCCACACCCWD	STREME-1	chr11	69760037	69760047	+	10.87	ACCACACCCCA
1-RCCACACCCWD	STREME-1	chr7	149571858	149571868	+	10.87	ACCACACCCCA
1-RCCACACCCWD	STREME-1	chr11	94859107	94859117	+	10.87	ACCACACCCCA
1-RCCACACCCWD	STREME-1	chr13	100518287	100518297	+	10.86	GCTCCGCCCAG
1-RCCACACCCWD	STREME-1	chr5	143814538	143814548	+	10.81	AACCCACCCAT
1-RCCACACCCWD	STREME-1	chr16	49839895	49839905	+	10.76	AACACACCCTG
1-RCCACACCCWD	STREME-1	chr18	60666930	60666940	+	10.74	GGCACGCCCTC
1-RCCACACCCWD	STREME-1	chr10	59336517	59336527	-	10.72	ACTCCGCCCTA
1-RCCACACCCWD	STREME-1	chr4	128287561	128287571	-	10.65	CCCACGCCCTT
1-RCCACACCCWD	STREME-1	chr7	16987471	16987481	+	10.65	CCCACGCCCTT
1-RCCACACCCWD	STREME-1	chr9	21362927	21362937	-	10.65	GACACACCCTC
1-RCCACACCCWD	STREME-1	chr7	25638100	25638110	+	10.65	GACACACCCTC
1-RCCACACCCWD	STREME-1	chr17	48438657	48438667	-	10.62	ACTCCACCCAT
1-RCCACACCCWD	STREME-1	chr12	70860715	70860725	+	10.62	ACTCCACCCAT
1-RCCACACCCWD	STREME-1	chr9	70774735	70774745	+	10.62	ACTCCACCCAT
1-RCCACACCCWD	STREME-1	chr18	32702310	32702320	+	10.62	GCCACGCCTAT
1-RCCACACCCWD	STREME-1	chr3	79383918	79383928	+	10.61	CCCACACCCAA
1-RCCACACCCWD	STREME-1	chr9	107997522	107997532	+	10.61	AACCCGCCCTT
1-RCCACACCCWD	STREME-1	chr5	115468471	115468481	+	10.59	GGCACACCCAC
1-RCCACACCCWD	STREME-1	chr14	21299336	21299346	-	10.57	GCTCCACCCAA
1-RCCACACCCWD	STREME-1	chr13	73612968	73612978	-	10.57	AGCACACCCAG
1-RCCACACCCWD	STREME-1	chr10	40924887	40924897	+	10.57	AGCACACCCAG
1-RCCACACCCWD	STREME-1	chr11	117642317	117642327	+	10.52	GCTCCGCCCTG
1-RCCACACCCWD	STREME-1	chr5	96888846	96888856	-	10.49	TCCACACCCAT
1-RCCACACCCWD	STREME-1	chr17	24289472	24289482	+	10.49	TCCACACCCAT
1-RCCACACCCWD	STREME-1	chr15	95715844	95715854	-	10.47	GTCCCACCCAA
1-RCCACACCCWD	STREME-1	chr11	53840146	53840156	+	10.44	CCCACACCCTA
1-RCCACACCCWD	STREME-1	chr13	112863873	112863883	-	10.41	GCTCCACCCTA
1-RCCACACCCWD	STREME-1	chrX	146984333	146984343	+	10.39	CCCACGCCCTG
1-RCCACACCCWD	STREME-1	chr4	118863385	118863395	+	10.38	GTCACACCCTC
1-RCCACACCCWD	STREME-1	chr13	3866507	3866517	-	10.35	AACCCGCCCTG
1-RCCACACCCWD	STREME-1	chr16	8829975	8829985	+	10.31	CCCCCGCCCAT
1-RCCACACCCWD	STREME-1	chr7	99891572	99891582	+	10.30	ACCACACCCCC
1-RCCACACCCWD	STREME-1	chr3	60589248	60589258	+	10.26	AGCACGCCCAC
1-RCCACACCCWD	STREME-1	chr5	65203445	65203455	-	10.23	CCCACACCCAG
1-RCCACACCCWD	STREME-1	chr4	118241467	118241477	-	10.23	CCCACACCCAG
1-RCCACACCCWD	STREME-1	chr16	10384422	10384432	-	10.23	GCCCCACCCCT
1-RCCACACCCWD	STREME-1	chr11	94195860	94195870	+	10.23	ACTCCACCCAA
1-RCCACACCCWD	STREME-1	chr4	151334757	151334767	-	10.20	GCTCCACCCAG
1-RCCACACCCWD	STREME-1	chr11	32169164	32169174	-	10.20	GCTCCACCCAG
1-RCCACACCCWD	STREME-1	chr5	73746866	73746876	-	10.20	GCTCCACCCAG
1-RCCACACCCWD	STREME-1	chr11	44322594	44322604	+	10.20	GCTCCACCCAG
1-RCCACACCCWD	STREME-1	chr1	136638719	136638729	+	10.12	GCCACACCTAT
1-RCCACACCCWD	STREME-1	chr11	32151035	32151045	-	10.11	GCTCCACCCTT
1-RCCACACCCWD	STREME-1	chr19	8994707	8994717	-	10.11	GCTCCACCCTT
1-RCCACACCCWD	STREME-1	chr16	12052388	12052398	+	10.10	GGTACGCCCTT
1-RCCACACCCWD	STREME-1	chr4	154285980	154285990	-	10.09	GTCCCACCCAG
1-RCCACACCCWD	STREME-1	chr11	68709943	68709953	+	10.09	TCCACACCCAA
1-RCCACACCCWD	STREME-1	chr14	21299354	21299364	-	10.05	GCTCCGCCCAC
1-RCCACACCCWD	STREME-1	chr5	107138768	107138778	+	10.05	GCTCCGCCCAC
1-RCCACACCCWD	STREME-1	chr4	154285970	154285980	-	9.97	GCCCCACCCCA
1-RCCACACCCWD	STREME-1	chr9	98390200	98390210	+	9.97	GCCCCACCCCA
1-RCCACACCCWD	STREME-1	chr15	34829934	34829944	-	9.97	GCCCCACCCCA
1-RCCACACCCWD	STREME-1	chr14	70866211	70866221	-	9.97	GCCCCACCCCA
1-RCCACACCCWD	STREME-1	chr4	118862637	118862647	+	9.94	GCAACGCCCTG
1-RCCACACCCWD	STREME-1	chr15	83139349	83139359	+	9.93	CCCACGCCCAC
1-RCCACACCCWD	STREME-1	chr5	144322554	144322564	-	9.91	GCCACGCCTTG
1-RCCACACCCWD	STREME-1	chr19	5841804	5841814	-	9.91	GCCACGCCTTG
1-RCCACACCCWD	STREME-1	chr4	134961000	134961010	-	9.85	ACTCCACCCAG
1-RCCACACCCWD	STREME-1	chr14	69940064	69940074	-	9.85	ACTCCACCCAG
1-RCCACACCCWD	STREME-1	chr4	128287541	128287551	-	9.85	ACTCCACCCAG
1-RCCACACCCWD	STREME-1	chr9	42910214	42910224	+	9.79	ACAACGCCCAA
#
2-ACWGATAAS	STREME-2	chr4	154286001	154286009	-	13.22	ATTGATAAC
2-ACWGATAAS	STREME-2	chr11	69760080	69760088	+	13.22	ATTGATAAC
2-ACWGATAAS	STREME-2	chr5	143814556	143814564	-	13.22	ATTGATAAC
2-ACWGATAAS	STREME-2	chr4	32950087	32950095	-	13.22	ATTGATAAC
2-ACWGATAAS	STREME-2	chr11	32193643	32193651	-	13.19	ACTGATAAC
2-ACWGATAAS	STREME-2	chr1	157123976	157123984	-	13.19	ACTGATAAC
2-ACWGATAAS	STREME-2	chr3	116562402	116562410	+	13.19	ACTGATAAC
2-ACWGATAAS	STREME-2	chr17	29067451	29067459	-	13.19	ACTGATAAC
2-ACWGATAAS	STREME-2	chr8	24164673	24164681	-	13.16	ATTGATAAG
2-ACWGATAAS	STREME-2	chr4	128533139	128533147	+	13.16	ATTGATAAG
2-ACWGATAAS	STREME-2	chr8	24255037	24255045	-	13.16	ATTGATAAG
2-ACWGATAAS	STREME-2	chr11	96809459	96809467	-	13.13	ACTGATAAG
2-ACWGATAAS	STREME-2	chr7	56247765	56247773	-	13.13	ACTGATAAG
2-ACWGATAAS	STREME-2	chr11	115368092	115368100	+	13.13	ACTGATAAG
2-ACWGATAAS	STREME-2	chr5	38900914	38900922	-	13.13	ACTGATAAG
2-ACWGATAAS	STREME-2	chr2	180447333	180447341	-	13.13	ACTGATAAG
2-ACWGATAAS	STREME-2	chr5	68207167	68207175	+	12.75	AATGATAAC
2-ACWGATAAS	STREME-2	chr8	74937998	74938006	+	12.69	AATGATAAG
2-ACWGATAAS	STREME-2	chr9	21940310	21940318	-	12.32	ATTGATAAT
2-ACWGATAAS	STREME-2	chr5	105994966	105994974	+	12.29	ACTGATAAT
2-ACWGATAAS	STREME-2	chr3	84162784	84162792	-	12.29	ACTGATAAT
2-ACWGATAAS	STREME-2	chr7	128112935	128112943	+	12.29	ACTGATAAT
2-ACWGATAAS	STREME-2	chr11	74652314	74652322	-	12.13	ATTGATAAA
2-ACWGATAAS	STREME-2	chr15	82060404	82060412	-	12.10	ACTGATAAA
2-ACWGATAAS	STREME-2	chr6	34857524	34857532	-	12.10	ACTGATAAA
2-ACWGATAAS	STREME-2	chr2	120881849	120881857	+	12.10	ACTGATAAA
2-ACWGATAAS	STREME-2	chr5	68207152	68207160	+	12.10	ACTGATAAA
2-ACWGATAAS	STREME-2	chr17	29575572	29575580	-	12.10	ACTGATAAA
2-ACWGATAAS	STREME-2	chr12	35474367	35474375	+	12.10	ACTGATAAA
2-ACWGATAAS	STREME-2	chr13	25281817	25281825	+	11.85	AATGATAAT
2-ACWGATAAS	STREME-2	chr9	57618873	57618881	+	11.67	ATAGATAAC
2-ACWGATAAS	STREME-2	chr8	71137342	71137350	-	11.67	ATAGATAAC
2-ACWGATAAS	STREME-2	chr14	70866193	70866201	-	11.66	AATGATAAA
2-ACWGATAAS	STREME-2	chr17	5112285	5112293	+	11.65	CGTGATAAG
2-ACWGATAAS	STREME-2	chr5	144580011	144580019	+	11.65	CGTGATAAG
2-ACWGATAAS	STREME-2	chr13	59915809	59915817	+	11.61	ATAGATAAG
2-ACWGATAAS	STREME-2	chr6	38874286	38874294	-	11.61	ATAGATAAG
2-ACWGATAAS	STREME-2	chr13	104819787	104819795	+	11.61	ATAGATAAG
2-ACWGATAAS	STREME-2	chr19	44460582	44460590	+	11.61	ATAGATAAG
2-ACWGATAAS	STREME-2	chr4	44262646	44262654	+	11.55	ACAGATAAC
2-ACWGATAAS	STREME-2	chr19	55941833	55941841	-	11.55	ACAGATAAC
2-ACWGATAAS	STREME-2	chr5	37127394	37127402	-	11.55	ACAGATAAC
2-ACWGATAAS	STREME-2	chr4	118723775	118723783	-	11.55	ACAGATAAC
2-ACWGATAAS	STREME-2	chr7	151918066	151918074	+	11.55	ACAGATAAC
2-ACWGATAAS	STREME-2	chr11	57768097	57768105	-	11.55	ACAGATAAC
2-ACWGATAAS	STREME-2	chr2	37405292	37405300	+	11.49	ACAGATAAG
2-ACWGATAAS	STREME-2	chr1	77295360	77295368	-	11.49	ACAGATAAG
2-ACWGATAAS	STREME-2	chr9	114376114	114376122	+	11.49	ACAGATAAG
2-ACWGATAAS	STREME-2	chr7	111007772	111007780	+	11.49	ACAGATAAG
2-ACWGATAAS	STREME-2	chr11	94859084	94859092	-	11.49	ACAGATAAG
2-ACWGATAAS	STREME-2	chr4	43977354	43977362	+	11.28	AGTGATAAC
2-ACWGATAAS	STREME-2	chr15	83253231	83253239	-	11.28	AGTGATAAC
2-ACWGATAAS	STREME-2	chr1	82634186	82634194	+	11.25	TCTGATAAC
2-ACWGATAAS	STREME-2	chr10	40726710	40726718	+	11.25	TCTGATAAC
2-ACWGATAAS	STREME-2	chr7	135432668	135432676	+	11.25	TCTGATAAC
2-ACWGATAAS	STREME-2	chr3	100351582	100351590	-	11.22	AGTGATAAG
2-ACWGATAAS	STREME-2	chr11	68709969	68709977	+	11.22	AGTGATAAG
2-ACWGATAAS	STREME-2	chr8	83024309	83024317	+	11.22	AGTGATAAG
2-ACWGATAAS	STREME-2	chr16	8687078	8687086	-	11.22	AGTGATAAG
2-ACWGATAAS	STREME-2	chr9	108243351	108243359	-	11.20	TATGATAAG
2-ACWGATAAS	STREME-2	chr13	73581062	73581070	-	11.20	TATGATAAG
2-ACWGATAAS	STREME-2	chr15	96173525	96173533	-	11.20	TATGATAAG
2-ACWGATAAS	STREME-2	chr13	59915838	59915846	+	11.19	TCTGATAAG
2-ACWGATAAS	STREME-2	chr18	32702282	32702290	-	11.19	TCTGATAAG
2-ACWGATAAS	STREME-2	chr18	61379974	61379982	-	11.19	TCTGATAAG
2-ACWGATAAS	STREME-2	chr5	27985293	27985301	-	11.19	TCTGATAAG
2-ACWGATAAS	STREME-2	chr7	19832422	19832430	-	11.19	TCTGATAAG
2-ACWGATAAS	STREME-2	chr4	111174209	111174217	-	11.19	TCTGATAAG
2-ACWGATAAS	STREME-2	chr11	90524585	90524593	+	11.16	CGAGATAAG
2-ACWGATAAS	STREME-2	chr1	136638730	136638738	-	11.15	CCTGATAAC
2-ACWGATAAS	STREME-2	chr4	41335025	41335033	+	11.15	CCTGATAAC
2-ACWGATAAS	STREME-2	chr8	107486282	107486290	+	11.15	CCTGATAAC
2-ACWGATAAS	STREME-2	chr9	31060134	31060142	+	11.15	CCTGATAAC
2-ACWGATAAS	STREME-2	chr3	102933506	102933514	-	11.15	CCTGATAAC
2-ACWGATAAS	STREME-2	chr5	139858368	139858376	-	11.15	CCTGATAAC
2-ACWGATAAS	STREME-2	chr4	62177803	62177811	-	11.15	CCTGATAAC
2-ACWGATAAS	STREME-2	chr10	20961763	20961771	+	11.15	CCTGATAAC
2-ACWGATAAS	STREME-2	chr18	62120433	62120441	+	11.14	TTTGATAAC
2-ACWGATAAS	STREME-2	chr15	91082699	91082707	-	11.09	CCTGATAAG
2-ACWGATAAS	STREME-2	chr18	32702252	32702260	+	11.09	CCTGATAAG
2-ACWGATAAS	STREME-2	chr17	87913343	87913351	+	11.09	CCTGATAAG
2-ACWGATAAS	STREME-2	chr14	69923062	69923070	+	11.09	CCTGATAAG
2-ACWGATAAS	STREME-2	chr15	38999430	38999438	+	11.09	CCTGATAAG
2-ACWGATAAS	STREME-2	chr9	66764141	66764149	-	11.08	TTTGATAAG
2-ACWGATAAS	STREME-2	chr18	57137593	57137601	-	11.02	ACCGATAAG
2-ACWGATAAS	STREME-2	chr10	111262088	111262096	+	10.86	CATGATAAC
2-ACWGATAAS	STREME-2	chr11	74652269	74652277	+	10.82	CGTGATAAT
2-ACWGATAAS	STREME-2	chr12	102194490	102194498	-	10.82	CTTGATAAC
2-ACWGATAAS	STREME-2	chr16	91804758	91804766	+	10.82	CTTGATAAC
2-ACWGATAAS	STREME-2	chr11	44322647	44322655	+	10.81	CATGATAAG
2-ACWGATAAS	STREME-2	chr7	111019365	111019373	+	10.77	ATAGATAAT
2-ACWGATAAS	STREME-2	chr8	107824074	107824082	+	10.76	CTTGATAAG
2-ACWGATAAS	STREME-2	chr8	73367526	73367534	+	10.76	CTTGATAAG
2-ACWGATAAS	STREME-2	chr11	69793513	69793521	+	10.76	CTTGATAAG
2-ACWGATAAS	STREME-2	chr13	104969763	104969771	-	10.66	ACAGATAAT
2-ACWGATAAS	STREME-2	chr3	51034318	51034326	-	10.63	AAAGATAAC
2-ACWGATAAS	STREME-2	chr18	85054598	85054606	-	10.63	AAAGATAAC
2-ACWGATAAS	STREME-2	chr10	41632358	41632366	-	10.63	AAAGATAAC
2-ACWGATAAS	STREME-2	chr6	83115753	83115761	-	10.62	ATCGATAAG
2-ACWGATAAS	STREME-2	chr5	121049838	121049846	+	10.57	AAAGATAAG
2-ACWGATAAS	STREME-2	chr16	91353148	91353156	-	10.57	AAAGATAAG
2-ACWGATAAS	STREME-2	chr13	112447257	112447265	+	10.57	AAAGATAAG
2-ACWGATAAS	STREME-2	chr11	97307502	97307510	-	10.57	AAAGATAAG
2-ACWGATAAS	STREME-2	chr12	70884782	70884790	-	10.57	AAAGATAAG
2-ACWGATAAS	STREME-2	chr8	126512743	126512751	-	10.57	AAAGATAAG
2-ACWGATAAS	STREME-2	chr7	138568663	138568671	+	10.57	AAAGATAAG
2-ACWGATAAS	STREME-2	chr11	87539830	87539838	-	10.57	AAAGATAAG
2-ACWGATAAS	STREME-2	chr11	116481687	116481695	+	10.46	ACAGATAAA
2-ACWGATAAS	STREME-2	chr13	74873451	74873459	+	10.46	ACAGATAAA
2-ACWGATAAS	STREME-2	chr4	124283653	124283661	-	10.46	ACAGATAAA
2-ACWGATAAS	STREME-2	chr15	56455283	56455291	-	10.46	ACAGATAAA
2-ACWGATAAS	STREME-2	chr1	183078940	183078948	-	10.46	ACAGATAAA
2-ACWGATAAS	STREME-2	chr11	86477179	86477187	-	10.36	TATGATAAT
2-ACWGATAAS	STREME-2	chr7	111019374	111019382	-	10.35	TCTGATAAT
2-ACWGATAAS	STREME-2	chr11	44322618	44322626	-	10.35	TCTGATAAT
2-ACWGATAAS	STREME-2	chr18	54151406	54151414	+	10.35	TCTGATAAT
2-ACWGATAAS	STREME-2	chr5	65203462	65203470	-	10.32	TCAGATAAG
2-ACWGATAAS	STREME-2	chr19	24354256	24354264	-	10.32	TCAGATAAG
2-ACWGATAAS	STREME-2	chr13	3866502	3866510	-	10.25	CCTGATAAT
2-ACWGATAAS	STREME-2	chr10	20961709	20961717	+	10.25	TTTGATAAT
2-ACWGATAAS	STREME-2	chr19	7626649	7626657	-	10.19	AGTGATAAA
2-ACWGATAAS	STREME-2	chr2	84652266	84652274	-	10.19	AGTGATAAA
2-ACWGATAAS	STREME-2	chr19	5846130	5846138	+	10.17	TATGATAAA
2-ACWGATAAS	STREME-2	chr4	129974539	129974547	-	10.16	TCTGATAAA
2-ACWGATAAS	STREME-2	chr5	34915977	34915985	-	10.16	TCTGATAAA
2-ACWGATAAS	STREME-2	chr11	117642284	117642292	-	10.16	TCTGATAAA
2-ACWGATAAS	STREME-2	chr16	8655883	8655891	-	10.16	TCTGATAAA
2-ACWGATAAS	STREME-2	chr17	28946277	28946285	-	10.13	CGAGATAAA
2-ACWGATAAS	STREME-2	chr2	37405304	37405312	-	10.12	GCTGATAAC
2-ACWGATAAS	STREME-2	chr14	119195527	119195535	-	10.11	TTAGATAAG
2-ACWGATAAS	STREME-2	chr16	30565924	30565932	-	10.11	TTAGATAAG
2-ACWGATAAS	STREME-2	chr11	101177046	101177054	+	10.11	TTAGATAAG
2-ACWGATAAS	STREME-2	chr3	79383886	79383894	+	10.11	TTAGATAAG
2-ACWGATAAS	STREME-2	chr16	34031875	34031883	+	10.11	TTAGATAAG
2-ACWGATAAS	STREME-2	chr17	25039827	25039835	+	10.11	ACTGATAGG
2-ACWGATAAS	STREME-2	chr7	56247820	56247828	+	10.11	ACTGATAGG
2-ACWGATAAS	STREME-2	chr3	19087568	19087576	+	10.11	ACTGATAGG
2-ACWGATAAS	STREME-2	chr3	51492711	51492719	-	10.11	ACTGATAGG
2-ACWGATAAS	STREME-2	chr11	68709962	68709970	+	10.09	GTTGATAAG
2-ACWGATAAS	STREME-2	chr12	82044573	82044581	-	10.09	GTTGATAAG
2-ACWGATAAS	STREME-2	chr4	118862658	118862666	+	10.06	CCTGATAAA
2-ACWGATAAS	STREME-2	chr7	25940628	25940636	+	10.06	CCTGATAAA
2-ACWGATAAS	STREME-2	chr9	66351953	66351961	-	10.06	CCTGATAAA
2-ACWGATAAS	STREME-2	chr12	41846458	41846466	+	10.06	GCTGATAAG
2-ACWGATAAS	STREME-2	chr2	172174040	172174048	+	10.06	GCTGATAAG
2-ACWGATAAS	STREME-2	chr13	96735286	96735294	+	10.06	GCTGATAAG
2-ACWGATAAS	STREME-2	chr5	140280334	140280342	-	10.06	GCTGATAAG
2-ACWGATAAS	STREME-2	chr2	157978570	157978578	+	10.05	TTTGATAAA
2-ACWGATAAS	STREME-2	chr17	29067415	29067423	+	10.05	TTTGATAAA
2-ACWGATAAS	STREME-2	chr8	107824121	107824129	-	10.01	CTAGATAAC
2-ACWGATAAS	STREME-2	chr15	81700638	81700646	+	10.01	CTAGATAAC
2-ACWGATAAS	STREME-2	chr13	73612997	73613005	-	9.95	CTAGATAAG
2-ACWGATAAS	STREME-2	chr14	32982231	32982239	-	9.95	CTAGATAAG
2-ACWGATAAS	STREME-2	chr9	65063755	65063763	+	9.95	CTAGATAAG
2-ACWGATAAS	STREME-2	chr16	32510145	32510153	-	9.85	CCAGATAAG
2-ACWGATAAS	STREME-2	chr5	37127457	37127465	+	9.85	CCAGATAAG
2-ACWGATAAS	STREME-2	chr9	42938530	42938538	-	9.80	ACTGATAGC
2-ACWGATAAS	STREME-2	chr4	44084923	44084931	-	9.73	AAAGATAAT
2-ACWGATAAS	STREME-2	chr10	126640334	126640342	+	9.73	AAAGATAAT
2-ACWGATAAS	STREME-2	chr2	103798057	103798065	-	9.73	CTTGATAAA
2-ACWGATAAS	STREME-2	chr16	49777221	49777229	-	9.73	CTTGATAAA
2-ACWGATAAS	STREME-2	chr2	152650798	152650806	+	9.71	TAAGATAAC
2-ACWGATAAS	STREME-2	chr13	35887895	35887903	-	9.65	GATGATAAG
2-ACWGATAAS	STREME-2	chr9	21940277	21940285	-	9.65	GATGATAAG
2-ACWGATAAS	STREME-2	chr6	38874309	38874317	+	9.65	TAAGATAAG
2-ACWGATAAS	STREME-2	chr7	20322214	20322222	-	9.64	AGAGATAAC
2-ACWGATAAS	STREME-2	chr11	50038487	50038495	+	9.64	AGAGATAAC
2-ACWGATAAS	STREME-2	chr4	109112807	109112815	+	9.64	AGAGATAAC
2-ACWGATAAS	STREME-2	chr19	11700015	11700023	+	9.64	AGAGATAAC
2-ACWGATAAS	STREME-2	chr4	8631928	8631936	+	9.58	AGAGATAAG
2-ACWGATAAS	STREME-2	chr9	44096715	44096723	-	9.58	AGAGATAAG
2-ACWGATAAS	STREME-2	chr10	127624599	127624607	-	9.58	AGAGATAAG
2-ACWGATAAS	STREME-2	chr16	10384460	10384468	+	9.58	AGAGATAAG
2-ACWGATAAS	STREME-2	chr13	76003446	76003454	-	9.58	AGAGATAAG
2-ACWGATAAS	STREME-2	chr4	118241532	118241540	+	9.58	AGAGATAAG
2-ACWGATAAS	STREME-2	chr5	123643639	123643647	-	9.54	AAAGATAAA
2-ACWGATAAS	STREME-2	chr3	96233012	96233020	-	9.54	AAAGATAAA
2-ACWGATAAS	STREME-2	chr7	106135645	106135653	+	9.54	AAAGATAAA
2-ACWGATAAS	STREME-2	chr13	112447266	112447274	+	9.54	AAAGATAAA
2-ACWGATAAS	STREME-2	chr3	145253738	145253746	+	9.54	AAAGATAAA
2-ACWGATAAS	STREME-2	chr7	139930665	139930673	-	9.52	TGTGATAAG
2-ACWGATAAS	STREME-2	chr15	36250891	36250899	-	9.52	TGTGATAAG
2-ACWGATAAS	STREME-2	chr4	46420050	46420058	+	9.52	TGTGATAAG
2-ACWGATAAS	STREME-2	chr7	134369323	134369331	-	9.52	TGTGATAAG
2-ACWGATAAS	STREME-2	chr7	106743088	106743096	+	9.52	TGTGATAAG
2-ACWGATAAS	STREME-2	chr6	146179215	146179223	+	9.52	TGTGATAAG
2-ACWGATAAS	STREME-2	chr3	104477761	104477769	-	9.52	TGTGATAAG
2-ACWGATAAS	STREME-2	chr4	128725072	128725080	-	9.49	TCAGATAAT
2-ACWGATAAS	STREME-2	chr4	8631856	8631864	-	9.46	TCCGATAAG
2-ACWGATAAS	STREME-2	chr8	83025409	83025417	+	9.36	AATGATAGC
2-ACWGATAAS	STREME-2	chr9	90157017	90157025	-	9.36	CAAGATAAC
2-ACWGATAAS	STREME-2	chr11	87563779	87563787	-	9.30	CAAGATAAG
2-ACWGATAAS	STREME-2	chr9	42910167	42910175	-	9.30	CAAGATAAG
2-ACWGATAAS	STREME-2	chr5	28369363	28369371	-	9.30	CAAGATAAG
2-ACWGATAAS	STREME-2	chr5	140488384	140488392	-	9.29	TCAGATAAA
2-ACWGATAAS	STREME-2	chr10	57527849	57527857	+	9.29	TCAGATAAA
2-ACWGATAAS	STREME-2	chr6	86027976	86027984	-	9.29	TCAGATAAA
2-ACWGATAAS	STREME-2	chr6	132413840	132413848	+	9.29	GTAGATAAC
2-ACWGATAAS	STREME-2	chr2	132521630	132521638	+	9.23	GTAGATAAG
2-ACWGATAAS	STREME-2	chr7	148957067	148957075	+	9.23	GTAGATAAG
2-ACWGATAAS	STREME-2	chr1	169314488	169314496	+	9.22	GCTGATAAT
2-ACWGATAAS	STREME-2	chr2	24832553	24832561	+	9.08	TTAGATAAA
2-ACWGATAAS	STREME-2	chr15	58828644	58828652	-	9.03	GCTGATAAA
2-ACWGATAAS	STREME-2	chr5	104484066	104484074	-	9.03	GCTGATAAA
2-ACWGATAAS	STREME-2	chr11	86427677	86427685	-	9.01	CCAGATAAT
2-ACWGATAAS	STREME-2	chr11	32151081	32151089	+	9.00	GCAGATAAC
2-ACWGATAAS	STREME-2	chr2	25869301	25869309	-	9.00	GCAGATAAC
2-ACWGATAAS	STREME-2	chr19	55358679	55358687	-	9.00	GCAGATAAC
2-ACWGATAAS	STREME-2	chr14	55043670	55043678	-	8.94	ATTGCTAAC
2-ACWGATAAS	STREME-2	chr10	60612414	60612422	-	8.94	ATTGCTAAC
2-ACWGATAAS	STREME-2	chr3	60623751	60623759	+	8.94	GCAGATAAG
2-ACWGATAAS	STREME-2	chr7	104332700	104332708	-	8.94	GCAGATAAG
2-ACWGATAAS	STREME-2	chr1	173211155	173211163	+	8.94	GCAGATAAG
2-ACWGATAAS	STREME-2	chr19	55940486	55940494	+	8.94	GCAGATAAG
2-ACWGATAAS	STREME-2	chr9	75406771	75406779	+	8.94	GCAGATAAG
2-ACWGATAAS	STREME-2	chr2	31940937	31940945	+	8.92	CTAGATAAA
2-ACWGATAAS	STREME-2	chr4	117601373	117601381	-	8.92	CTAGATAAA
2-ACWGATAAS	STREME-2	chr3	100351540	100351548	-	8.92	CTAGATAAA
2-ACWGATAAS	STREME-2	chr17	33229348	33229356	-	8.91	ACTGATAGT
2-ACWGATAAS	STREME-2	chr11	96817539	96817547	+	8.91	ACTGATAGT
2-ACWGATAAS	STREME-2	chr19	5896687	5896695	-	8.88	ATTGCTAAG
2-ACWGATAAS	STREME-2	chr11	89088133	89088141	-	8.88	ATTGATAGA
2-ACWGATAAS	STREME-2	chr8	87494984	87494992	-	8.82	CCAGATAAA
2-ACWGATAAS	STREME-2	chr5	45951788	45951796	-	8.82	CCAGATAAA
2-ACWGATAAS	STREME-2	chr7	28233940	28233948	+	8.82	CCAGATAAA
2-ACWGATAAS	STREME-2	chr12	27136181	27136189	+	8.82	CCAGATAAA
2-ACWGATAAS	STREME-2	chr8	122895785	122895793	+	8.82	CCAGATAAA
2-ACWGATAAS	STREME-2	chr4	135179480	135179488	+	8.81	TACGATAAG
2-ACWGATAAS	STREME-2	chr9	34861192	34861200	+	8.74	AGAGATAAT
2-ACWGATAAS	STREME-2	chr6	38866734	38866742	-	8.74	AGAGATAAT
2-ACWGATAAS	STREME-2	chr1	133344090	133344098	-	8.74	AGAGATAAT
2-ACWGATAAS	STREME-2	chr13	110473399	110473407	-	8.71	TGAGATAAC
2-ACWGATAAS	STREME-2	chr2	103324506	103324514	-	8.65	TGAGATAAG
2-ACWGATAAS	STREME-2	chr8	83025437	83025445	+	8.65	TGAGATAAG
2-ACWGATAAS	STREME-2	chr9	121335782	121335790	-	8.65	TGAGATAAG
2-ACWGATAAS	STREME-2	chr17	24340089	24340097	-	8.65	TGAGATAAG
2-ACWGATAAS	STREME-2	chr10	40924879	40924887	+	8.62	GATGATAAA
2-ACWGATAAS	STREME-2	chr13	96735238	96735246	+	8.62	TAAGATAAA
2-ACWGATAAS	STREME-2	chr6	41654372	41654380	-	8.62	TAAGATAAA
2-ACWGATAAS	STREME-2	chr5	89197422	89197430	+	8.59	ATAGATAGG
2-ACWGATAAS	STREME-2	chr16	44265882	44265890	+	8.57	GGTGATAAC
2-ACWGATAAS	STREME-2	chr9	107206927	107206935	+	8.57	GGTGATAAC
2-ACWGATAAS	STREME-2	chr4	151334779	151334787	-	8.57	GGTGATAAC
2-ACWGATAAS	STREME-2	chr15	91082647	91082655	+	8.55	AGAGATAAA
2-ACWGATAAS	STREME-2	chr11	84637258	84637266	+	8.55	AGAGATAAA
2-ACWGATAAS	STREME-2	chr15	66969320	66969328	-	8.55	AGAGATAAA
2-ACWGATAAS	STREME-2	chr17	47735226	47735234	-	8.55	AGAGATAAA
2-ACWGATAAS	STREME-2	chr17	28946325	28946333	+	8.55	AGAGATAAA
2-ACWGATAAS	STREME-2	chr17	84136231	84136239	-	8.55	AGAGATAAA
2-ACWGATAAS	STREME-2	chr19	5727164	5727172	-	8.55	AGCGATAAG
2-ACWGATAAS	STREME-2	chr5	97380868	97380876	+	8.52	GGTGATAAG
2-ACWGATAAS	STREME-2	chrX	146984375	146984383	+	8.52	GGTGATAAG
2-ACWGATAAS	STREME-2	chr13	94151421	94151429	-	8.52	GGTGATAAG
2-ACWGATAAS	STREME-2	chr14	71023919	71023927	+	8.52	GGTGATAAG
2-ACWGATAAS	STREME-2	chrX	68727666	68727674	-	8.48	ACAGATAGG
2-ACWGATAAS	STREME-2	chr2	150491754	150491762	+	8.48	ACAGATAGG
2-ACWGATAAS	STREME-2	chr3	144333211	144333219	+	8.46	CAAGATAAT
2-ACWGATAAS	STREME-2	chr2	157978590	157978598	+	8.46	CAAGATAAT
2-ACWGATAAS	STREME-2	chr3	151814681	151814689	-	8.41	AATGCTAAG
2-ACWGATAAS	STREME-2	chr3	30812121	30812129	-	8.41	AATGCTAAG
2-ACWGATAAS	STREME-2	chr10	30483151	30483159	-	8.41	AATGATAGA
2-ACWGATAAS	STREME-2	chr4	9588362	9588370	+	8.38	CTCGATAAG
2-ACWGATAAS	STREME-2	chr11	95195247	95195255	-	8.33	CGTGATAGC
2-ACWGATAAS	STREME-2	chr10	112467840	112467848	-	8.27	CAAGATAAA
2-ACWGATAAS	STREME-2	chr4	122964172	122964180	+	8.27	CAAGATAAA
2-ACWGATAAS	STREME-2	chr7	128005374	128005382	-	8.27	CAAGATAAA
2-ACWGATAAS	STREME-2	chr8	125244573	125244581	-	8.23	ATTAATAAG
2-ACWGATAAS	STREME-2	chr12	71933803	71933811	+	8.21	AGTGATAGG
2-ACWGATAAS	STREME-2	chr8	96633417	96633425	-	8.20	GTAGATAAA
2-ACWGATAAS	STREME-2	chr11	94195835	94195843	-	8.20	GTAGATAAA
2-ACWGATAAS	STREME-2	chr7	148957021	148957029	-	8.20	GTAGATAAA
2-ACWGATAAS	STREME-2	chr1	77295331	77295339	+	8.17	TCTGATAGG
2-ACWGATAAS	STREME-2	chr8	96633441	96633449	-	8.17	ACAGATAGC
2-ACWGATAAS	STREME-2	chr19	55293481	55293489	+	8.17	ACAGATAGC
2-ACWGATAAS	STREME-2	chr9	107997501	107997509	-	8.17	ACAGATAGC
2-ACWGATAAS	STREME-2	chr14	41760778	41760786	-	8.17	ACAGATAGC
2-ACWGATAAS	STREME-2	chr15	62052821	62052829	+	8.17	ACAGATAGC
2-ACWGATAAS	STREME-2	chr16	32449940	32449948	+	8.16	ACTGATATC
2-ACWGATAAS	STREME-2	chr15	83139326	83139334	-	8.16	ACTGATATC
2-ACWGATAAS	STREME-2	chr12	113882609	113882617	+	8.16	ACTGATATC
2-ACWGATAAS	STREME-2	chr19	7626667	7626675	-	8.10	GCAGATAAT
2-ACWGATAAS	STREME-2	chr16	92715986	92715994	+	8.10	GCAGATAAT
2-ACWGATAAS	STREME-2	chr13	3345893	3345901	-	8.07	TTTGATAGG
2-ACWGATAAS	STREME-2	chr15	38473488	38473496	+	8.07	TTTGATAGG
2-ACWGATAAS	STREME-2	chr5	33375104	33375112	+	8.05	ACTAATAAA
2-ACWGATAAS	STREME-2	chr19	24348967	24348975	+	8.02	GAAGATAAC
2-ACWGATAAS	STREME-2	chr9	21362887	21362895	-	8.02	GAAGATAAC
2-ACWGATAAS	STREME-2	chr3	84608131	84608139	-	8.01	ACTGCTAAT
2-ACWGATAAS	STREME-2	chr2	103798091	103798099	+	7.96	GAAGATAAG
2-ACWGATAAS	STREME-2	chr7	87847655	87847663	+	7.96	GAAGATAAG
2-ACWGATAAS	STREME-2	chr17	26651605	26651613	-	7.96	GAAGATAAG
2-ACWGATAAS	STREME-2	chr9	98390190	98390198	-	7.96	GAAGATAAG
2-ACWGATAAS	STREME-2	chr15	34829946	34829954	+	7.96	GAAGATAAG
2-ACWGATAAS	STREME-2	chr19	55293516	55293524	-	7.90	AGTGATAGC
2-ACWGATAAS	STREME-2	chr15	96173515	96173523	+	7.88	GTCGATAAG
2-ACWGATAAS	STREME-2	chr4	135408087	135408095	+	7.86	TCTGATAGC
2-ACWGATAAS	STREME-2	chr13	56459492	56459500	-	7.86	TCTGATAGC
2-ACWGATAAS	STREME-2	chr5	138127406	138127414	+	7.86	TCTGATAGC
2-ACWGATAAS	STREME-2	chr2	78556522	78556530	+	7.86	TCTGATAGC
2-ACWGATAAS	STREME-2	chr15	75434304	75434312	+	7.82	ACTGCTAAA
2-ACWGATAAS	STREME-2	chr2	167256712	167256720	+	7.81	TGAGATAAT
2-ACWGATAAS	STREME-2	chr19	24609291	24609299	+	7.80	AATAATAAG
2-ACWGATAAS	STREME-2	chr11	30901641	30901649	-	7.80	AATAATAAG
2-ACWGATAAS	STREME-2	chr5	118930186	118930194	+	7.76	CCTGATAGC
2-ACWGATAAS	STREME-2	chr4	132847332	132847340	-	7.76	TTTGATAGC
2-ACWGATAAS	STREME-2	chr11	107308908	107308916	-	7.76	TTTGATAGC
2-ACWGATAAS	STREME-2	chr8	87362586	87362594	-	7.74	CTTGATAGG
2-ACWGATAAS	STREME-2	chr5	17335226	17335234	+	7.62	ACTGATATA
2-ACWGATAAS	STREME-2	chr2	118499293	118499301	+	7.62	ACTGATATA
2-ACWGATAAS	STREME-2	chr13	100518248	100518256	+	7.62	TGAGATAAA
2-ACWGATAAS	STREME-2	chr6	124614488	124614496	+	7.62	TGAGATAAA
2-ACWGATAAS	STREME-2	chr6	57695547	57695555	-	7.58	ATAGCTAAG
2-ACWGATAAS	STREME-2	chr8	85947122	85947130	+	7.58	AATGCTAAT
2-ACWGATAAS	STREME-2	chr14	20884363	20884371	-	7.58	AATGCTAAT
#
3-CCCCKCCC	STREME-3	chr16	44265855	44265862	-	15.01	CCCCGCCC
3-CCCCKCCC	STREME-3	chr2	28463172	28463179	-	15.01	CCCCGCCC
3-CCCCKCCC	STREME-3	chr5	129723527	129723534	-	15.01	CCCCGCCC
3-CCCCKCCC	STREME-3	chr11	115374159	115374166	+	15.01	CCCCGCCC
3-CCCCKCCC	STREME-3	chr4	9588340	9588347	+	15.01	CCCCGCCC
3-CCCCKCCC	STREME-3	chr2	93306686	93306693	-	15.01	CCCCGCCC
3-CCCCKCCC	STREME-3	chr17	33229371	33229378	-	15.01	CCCCGCCC
3-CCCCKCCC	STREME-3	chr9	21069482	21069489	-	15.01	CCCCGCCC
3-CCCCKCCC	STREME-3	chr7	91033665	91033672	+	15.01	CCCCGCCC
3-CCCCKCCC	STREME-3	chr15	95715858	95715865	-	15.01	CCCCGCCC
3-CCCCKCCC	STREME-3	chr7	71081397	71081404	+	15.01	CCCCGCCC
3-CCCCKCCC	STREME-3	chr16	32509253	32509260	+	15.01	CCCCGCCC
3-CCCCKCCC	STREME-3	chr7	28320601	28320608	+	15.01	CCCCGCCC
3-CCCCKCCC	STREME-3	chr7	139915679	139915686	-	15.01	CCCCGCCC
3-CCCCKCCC	STREME-3	chr11	69760029	69760036	+	15.01	CCCCGCCC
3-CCCCKCCC	STREME-3	chr15	56455308	56455315	-	15.01	CCCCGCCC
3-CCCCKCCC	STREME-3	chr11	115374706	115374713	+	15.01	CCCCGCCC
3-CCCCKCCC	STREME-3	chr16	8829976	8829983	+	15.01	CCCCGCCC
3-CCCCKCCC	STREME-3	chr17	29067426	29067433	-	15.01	CCCCGCCC
3-CCCCKCCC	STREME-3	chr9	107198873	107198880	+	13.34	TCCCGCCC
3-CCCCKCCC	STREME-3	chr5	97380857	97380864	-	13.34	TCCCGCCC
3-CCCCKCCC	STREME-3	chr11	69714504	69714511	+	13.34	TCCCGCCC
3-CCCCKCCC	STREME-3	chr4	118863367	118863374	+	13.34	TCCCGCCC
3-CCCCKCCC	STREME-3	chr13	23643604	23643611	-	13.34	TCCCGCCC
3-CCCCKCCC	STREME-3	chr4	8631871	8631878	-	12.85	CACCGCCC
3-CCCCKCCC	STREME-3	chr1	135696427	135696434	-	12.85	CACCGCCC
3-CCCCKCCC	STREME-3	chr7	16685397	16685404	-	12.85	CACCGCCC
3-CCCCKCCC	STREME-3	chr6	34428887	34428894	-	12.85	CACCGCCC
3-CCCCKCCC	STREME-3	chr7	16507967	16507974	-	12.85	CACCGCCC
3-CCCCKCCC	STREME-3	chr2	130961682	130961689	-	12.85	CACCGCCC
3-CCCCKCCC	STREME-3	chr17	87913319	87913326	+	12.85	CACCGCCC
3-CCCCKCCC	STREME-3	chr11	115626607	115626614	-	12.85	CACCGCCC
3-CCCCKCCC	STREME-3	chr5	68207123	68207130	+	12.85	CACCGCCC
3-CCCCKCCC	STREME-3	chr15	78243663	78243670	-	12.85	CACCGCCC
3-CCCCKCCC	STREME-3	chr10	128184867	128184874	-	12.29	CCGCGCCC
3-CCCCKCCC	STREME-3	chr11	100871464	100871471	-	12.19	TACCGCCC
3-CCCCKCCC	STREME-3	chr1	136638759	136638766	-	11.92	CCCCTCCC
3-CCCCKCCC	STREME-3	chr15	98860269	98860276	+	11.92	CCCCTCCC
3-CCCCKCCC	STREME-3	chr5	97380861	97380868	-	11.92	CCCCTCCC
3-CCCCKCCC	STREME-3	chr5	139673057	139673064	+	11.92	CCCCTCCC
3-CCCCKCCC	STREME-3	chr4	9588330	9588337	+	11.92	CCCCTCCC
3-CCCCKCCC	STREME-3	chr11	95666932	95666939	-	11.92	CCCCTCCC
3-CCCCKCCC	STREME-3	chr11	50038516	50038523	+	11.92	CCCCTCCC
3-CCCCKCCC	STREME-3	chr12	114386832	114386839	+	11.92	CCCCTCCC
3-CCCCKCCC	STREME-3	chr5	108943698	108943705	+	11.92	CCCCTCCC
3-CCCCKCCC	STREME-3	chr11	90548119	90548126	-	11.92	CCCCTCCC
3-CCCCKCCC	STREME-3	chr11	102236619	102236626	+	11.92	CCCCTCCC
3-CCCCKCCC	STREME-3	chr2	157978616	157978623	-	11.92	CCCCTCCC
3-CCCCKCCC	STREME-3	chr6	72223301	72223308	+	11.92	CCCCTCCC
3-CCCCKCCC	STREME-3	chr9	42938557	42938564	+	11.92	CCCCTCCC
3-CCCCKCCC	STREME-3	chr7	53193982	53193989	+	11.92	CCCCTCCC
3-CCCCKCCC	STREME-3	chr7	25940655	25940662	+	11.92	CCCCTCCC
3-CCCCKCCC	STREME-3	chr5	37127426	37127433	-	11.92	CCCCTCCC
3-CCCCKCCC	STREME-3	chr19	6236305	6236312	-	11.92	CCCCTCCC
3-CCCCKCCC	STREME-3	chr5	137731116	137731123	+	11.92	CCCCTCCC
3-CCCCKCCC	STREME-3	chr7	135432630	135432637	+	11.92	CCCCTCCC
3-CCCCKCCC	STREME-3	chr14	21299356	21299363	-	10.83	CTCCGCCC
3-CCCCKCCC	STREME-3	chr11	116481657	116481664	-	10.83	CTCCGCCC
3-CCCCKCCC	STREME-3	chr12	77866462	77866469	-	10.83	CTCCGCCC
3-CCCCKCCC	STREME-3	chr4	135179504	135179511	-	10.83	CTCCGCCC
3-CCCCKCCC	STREME-3	chr11	117642318	117642325	+	10.83	CTCCGCCC
3-CCCCKCCC	STREME-3	chr13	100518288	100518295	+	10.83	CTCCGCCC
3-CCCCKCCC	STREME-3	chr14	32982273	32982280	+	10.83	CTCCGCCC
3-CCCCKCCC	STREME-3	chr5	107138769	107138776	+	10.83	CTCCGCCC
3-CCCCKCCC	STREME-3	chr13	107891029	107891036	-	10.83	CTCCGCCC
3-CCCCKCCC	STREME-3	chr10	59336519	59336526	-	10.83	CTCCGCCC
3-CCCCKCCC	STREME-3	chr1	155596823	155596830	-	10.83	CTCCGCCC
3-CCCCKCCC	STREME-3	chr11	101309693	101309700	+	10.83	CTCCGCCC
3-CCCCKCCC	STREME-3	chr7	36133176	36133183	+	10.40	CCCCGCCT
3-CCCCKCCC	STREME-3	chr1	157319916	157319923	-	10.40	CCCCGCCT
3-CCCCKCCC	STREME-3	chr17	25716466	25716473	+	10.40	CCCCGCCT
3-CCCCKCCC	STREME-3	chr8	83025371	83025378	-	10.36	GCCCGCCC
3-CCCCKCCC	STREME-3	chr19	24609362	24609369	-	10.36	GCCCGCCC
3-CCCCKCCC	STREME-3	chr7	128005357	128005364	-	10.36	GCCCGCCC
3-CCCCKCCC	STREME-3	chr6	142839008	142839015	-	10.26	TCCCTCCC
3-CCCCKCCC	STREME-3	chr6	142839012	142839019	-	10.26	TCCCTCCC
3-CCCCKCCC	STREME-3	chr6	142839016	142839023	-	10.26	TCCCTCCC
3-CCCCKCCC	STREME-3	chr10	30483228	30483235	-	10.26	TCCCTCCC
3-CCCCKCCC	STREME-3	chr13	35887935	35887942	+	10.26	TCCCTCCC
3-CCCCKCCC	STREME-3	chr4	41335036	41335043	-	10.26	TCCCTCCC
3-CCCCKCCC	STREME-3	chr7	38970586	38970593	+	10.26	TCCCTCCC
3-CCCCKCCC	STREME-3	chr12	3795687	3795694	+	10.26	TCCCTCCC
3-CCCCKCCC	STREME-3	chr9	65063770	65063777	+	10.26	TCCCTCCC
3-CCCCKCCC	STREME-3	chr14	69923073	69923080	-	10.26	TCCCTCCC
3-CCCCKCCC	STREME-3	chr4	141308246	141308253	-	10.26	TCCCTCCC
3-CCCCKCCC	STREME-3	chr6	135115896	135115903	+	10.26	TCCCTCCC
3-CCCCKCCC	STREME-3	chr6	135115900	135115907	+	10.26	TCCCTCCC
3-CCCCKCCC	STREME-3	chr13	76003478	76003485	+	10.26	TCCCTCCC
3-CCCCKCCC	STREME-3	chr2	103798104	103798111	+	10.11	CCCCGGCC
3-CCCCKCCC	STREME-3	chr13	39515728	39515735	-	10.11	CCCGGCCC
#
4-CTGGGGAGA	STREME-4	chr4	155336270	155336278	+	14.53	CTGGGGAGA
4-CTGGGGAGA	STREME-4	chr2	131039724	131039732	-	14.53	CTGGGGAGA
4-CTGGGGAGA	STREME-4	chr1	173211180	173211188	-	14.53	CTGGGGAGA
4-CTGGGGAGA	STREME-4	chr9	70774768	70774776	-	14.53	CTGGGGAGA
4-CTGGGGAGA	STREME-4	chr11	69793560	69793568	+	14.53	CTGGGGAGA
4-CTGGGGAGA	STREME-4	chr5	143814600	143814608	+	14.53	CTGGGGAGA
4-CTGGGGAGA	STREME-4	chr12	82044616	82044624	+	14.53	CTGGGGAGA
4-CTGGGGAGA	STREME-4	chr11	44322635	44322643	+	14.53	CTGGGGAGA
4-CTGGGGAGA	STREME-4	chr1	134941668	134941676	-	14.53	CTGGGGAGA
4-CTGGGGAGA	STREME-4	chr7	16987404	16987412	-	13.40	CGGGGGAGA
4-CTGGGGAGA	STREME-4	chr10	93585654	93585662	+	13.40	CGGGGGAGA
4-CTGGGGAGA	STREME-4	chr12	80012841	80012849	+	12.97	CTCGGGAGA
4-CTGGGGAGA	STREME-4	chr11	4577592	4577600	-	12.64	CTGGCGAGA
4-CTGGGGAGA	STREME-4	chr12	70860679	70860687	-	12.47	CTGGTGAGA
4-CTGGGGAGA	STREME-4	chr5	87232998	87233006	+	12.47	CTGGTGAGA
4-CTGGGGAGA	STREME-4	chr3	30812074	30812082	+	12.47	CTGGTGAGA
4-CTGGGGAGA	STREME-4	chr4	122964210	122964218	+	12.47	CTGGTGAGA
4-CTGGGGAGA	STREME-4	chr7	148318292	148318300	+	12.47	CTGGTGAGA
4-CTGGGGAGA	STREME-4	chr2	167169434	167169442	-	11.89	CTGGGTAGA
4-CTGGGGAGA	STREME-4	chr2	93306695	93306703	+	11.89	CTGGGTAGA
4-CTGGGGAGA	STREME-4	chr11	32193677	32193685	-	11.89	CTGGGTAGA
4-CTGGGGAGA	STREME-4	chr4	134961010	134961018	-	11.79	CTGGGGTGA
4-CTGGGGAGA	STREME-4	chr16	85214982	85214990	+	11.79	CTGGGGTGA
4-CTGGGGAGA	STREME-4	chr17	29575490	29575498	-	11.79	CTGGGGTGA
4-CTGGGGAGA	STREME-4	chr11	115374751	115374759	+	11.79	CTGGGGTGA
4-CTGGGGAGA	STREME-4	chr8	126512719	126512727	-	11.13	CTCGGGCGA
4-CTGGGGAGA	STREME-4	chr3	101355985	101355993	+	11.00	CTGGGGAGC
4-CTGGGGAGA	STREME-4	chr14	71023904	71023912	-	11.00	CTGGGGAGC
4-CTGGGGAGA	STREME-4	chr7	36133191	36133199	+	10.98	CTAGGGAGA
4-CTGGGGAGA	STREME-4	chr8	122302781	122302789	-	10.92	CTGGGGACA
4-CTGGGGAGA	STREME-4	chr8	19984257	19984265	-	10.92	CTGGGGACA
4-CTGGGGAGA	STREME-4	chr3	51492665	51492673	+	10.92	CTGGGGACA
4-CTGGGGAGA	STREME-4	chr13	98513575	98513583	+	10.77	ATGGGGAGA
#
5-AAACGCCCW	STREME-5	chr19	24348953	24348961	+	16.64	AAACGCCCA
5-AAACGCCCW	STREME-5	chrX	7679513	7679521	+	16.64	AAACGCCCA
5-AAACGCCCW	STREME-5	chr7	139915702	139915710	+	16.64	AAACGCCCA
5-AAACGCCCW	STREME-5	chr11	60989024	60989032	-	16.64	AAACGCCCA
5-AAACGCCCW	STREME-5	chr4	143002539	143002547	+	16.64	AAACGCCCA
5-AAACGCCCW	STREME-5	chr3	116562366	116562374	-	16.64	AAACGCCCA
5-AAACGCCCW	STREME-5	chr5	139673095	139673103	+	16.46	AAACGCCCT
5-AAACGCCCW	STREME-5	chr8	126512765	126512773	+	16.46	AAACGCCCT
5-AAACGCCCW	STREME-5	chr12	3795679	3795687	+	15.01	AACCGCCCT
5-AAACGCCCW	STREME-5	chr6	136417017	136417025	-	15.01	AACCGCCCT
5-AAACGCCCW	STREME-5	chr5	77087443	77087451	+	15.01	AACCGCCCT
5-AAACGCCCW	STREME-5	chr5	144386466	144386474	-	15.01	AACCGCCCT
5-AAACGCCCW	STREME-5	chr10	20961757	20961765	+	15.01	AACCGCCCT
5-AAACGCCCW	STREME-5	chr18	32716453	32716461	+	14.78	GAACGCCCA
5-AAACGCCCW	STREME-5	chr4	129974522	129974530	-	14.78	GAACGCCCA
5-AAACGCCCW	STREME-5	chr16	38371931	38371939	+	14.78	GAACGCCCA
5-AAACGCCCW	STREME-5	chr3	151778054	151778062	-	14.61	GAACGCCCT
5-AAACGCCCW	STREME-5	chr7	87847631	87847639	+	14.43	CAACGCCCA
5-AAACGCCCW	STREME-5	chr11	77795432	77795440	-	14.43	CAACGCCCA
5-AAACGCCCW	STREME-5	chr9	42910215	42910223	+	14.43	CAACGCCCA
5-AAACGCCCW	STREME-5	chr17	29575532	29575540	-	14.30	AAACGCCCC
5-AAACGCCCW	STREME-5	chr3	19550730	19550738	-	14.26	CAACGCCCT
5-AAACGCCCW	STREME-5	chr4	118862638	118862646	+	14.26	CAACGCCCT
5-AAACGCCCW	STREME-5	chr19	17398002	17398010	-	13.23	GACCGCCCA
5-AAACGCCCW	STREME-5	chr12	70884807	70884815	-	13.06	GACCGCCCT
5-AAACGCCCW	STREME-5	chr5	121847779	121847787	+	12.84	AACCGCCCC
5-AAACGCCCW	STREME-5	chr6	136416955	136416963	-	12.84	AACCGCCCC
5-AAACGCCCW	STREME-5	chr14	70866217	70866225	-	12.44	GAACGCCCC
5-AAACGCCCW	STREME-5	chr8	113906073	113906081	-	12.42	AAACGGCCT
#
6-AACAAGGAAARA	STREME-6	chr19	8797979	8797990	-	18.57	AACAAGGAAAAA
6-AACAAGGAAARA	STREME-6	chr5	45951774	45951785	+	18.57	AACAAGGAAAAA
6-AACAAGGAAARA	STREME-6	chr8	113026851	113026862	+	16.07	AACAAGCAAAGA
6-AACAAGGAAARA	STREME-6	chr7	91033676	91033687	+	15.07	AACGAGGAATTA
6-AACAAGGAAARA	STREME-6	chr11	62363988	62363999	-	14.54	AACAAGGAAGGA
6-AACAAGGAAARA	STREME-6	chr16	12052419	12052430	-	14.10	AACAATGCAAGA
6-AACAAGGAAARA	STREME-6	chr19	7017336	7017347	-	13.98	GACAAGGTAAGA
6-AACAAGGAAARA	STREME-6	chr5	104189131	104189142	+	13.87	GGCAAGGAATAA
6-AACAAGGAAARA	STREME-6	chr14	119195586	119195597	-	13.79	AACATGGTAAGA
6-AACAAGGAAARA	STREME-6	chr15	66969283	66969294	+	13.47	AGCATGGAAAGA
6-AACAAGGAAARA	STREME-6	chr15	38999442	38999453	+	13.45	AACATGGCAATA
6-AACAAGGAAARA	STREME-6	chr14	21479318	21479329	+	13.42	GGCAAGGAAATA
6-AACAAGGAAARA	STREME-6	chr3	102933476	102933487	-	13.31	GACAAGGCATGA
6-AACAAGGAAARA	STREME-6	chr15	75434353	75434364	+	13.19	AACAAACAATAA
6-AACAAGGAAARA	STREME-6	chr17	43466751	43466762	-	13.15	AACAAGGCAAGC
6-AACAAGGAAARA	STREME-6	chr8	113026855	113026866	+	12.88	AGCAAAGAAAAA
6-AACAAGGAAARA	STREME-6	chr16	38371897	38371908	+	12.78	AACAACGGAAGA
6-AACAAGGAAARA	STREME-6	chr6	146179228	146179239	+	12.07	ACCAAGCAATAA
6-AACAAGGAAARA	STREME-6	chr11	115139415	115139426	-	12.04	AACAAGAATAAA
6-AACAAGGAAARA	STREME-6	chr8	97964254	97964265	-	11.93	AACAAATAAAGA
6-AACAAGGAAARA	STREME-6	chr2	103798046	103798057	-	11.75	AGCAAGGAAAAG
6-AACAAGGAAARA	STREME-6	chr1	59010892	59010903	+	11.59	AACCATGAATAA
